"Name","FullName"
"dokumenty-dlya-utylizaciyi-vidhodiv.html","C:\Users\user\Desktop\yureco-demo\dokumenty-dlya-utylizaciyi-vidhodiv.html"
"dokumenty.html","C:\Users\user\Desktop\yureco-demo\dokumenty.html"
"index.html","C:\Users\user\Desktop\yureco-demo\index.html"
"index.html","C:\Users\user\Desktop\yureco-demo\articles\index.html"
"kabelni-vidhody.html","C:\Users\user\Desktop\yureco-demo\kabelni-vidhody.html"
"kontakty.html","C:\Users\user\Desktop\yureco-demo\kontakty.html"
"kudy-zdaty-avtoshyn.html","C:\Users\user\Desktop\yureco-demo\kudy-zdaty-avtoshyn.html"
"kudy-zdaty-budivelnyh-vidhodiv.html","C:\Users\user\Desktop\yureco-demo\kudy-zdaty-budivelnyh-vidhodiv.html"
"kudy-zdaty-derevyny-z-budivnyctva.html","C:\Users\user\Desktop\yureco-demo\kudy-zdaty-derevyny-z-budivnyctva.html"
"kudy-zdaty-dokumentiv.html","C:\Users\user\Desktop\yureco-demo\kudy-zdaty-dokumentiv.html"
"kudy-zdaty-energetychnyh-napoyiv.html","C:\Users\user\Desktop\yureco-demo\kudy-zdaty-energetychnyh-napoyiv.html"
"kudy-zdaty-fruktiv-ta-ovochiv.html","C:\Users\user\Desktop\yureco-demo\kudy-zdaty-fruktiv-ta-ovochiv.html"
"kudy-zdaty-fruktiv.html","C:\Users\user\Desktop\yureco-demo\kudy-zdaty-fruktiv.html"
"kudy-zdaty-gazovanyh-napoyiv.html","C:\Users\user\Desktop\yureco-demo\kudy-zdaty-gazovanyh-napoyiv.html"
"kudy-zdaty-gipsokartonu.html","C:\Users\user\Desktop\yureco-demo\kudy-zdaty-gipsokartonu.html"
"kudy-zdaty-harchovyh-produktiv.html","C:\Users\user\Desktop\yureco-demo\kudy-zdaty-harchovyh-produktiv.html"
"kudy-zdaty-kabelyu-ta-drotiv.html","C:\Users\user\Desktop\yureco-demo\kudy-zdaty-kabelyu-ta-drotiv.html"
"kudy-zdaty-kondyterskyh-vyrobiv.html","C:\Users\user\Desktop\yureco-demo\kudy-zdaty-kondyterskyh-vyrobiv.html"
"kudy-zdaty-konserviv.html","C:\Users\user\Desktop\yureco-demo\kudy-zdaty-konserviv.html"
"kudy-zdaty-kosmetiki.html","C:\Users\user\Desktop\yureco-demo\kudy-zdaty-kosmetiki.html"
"kudy-zdaty-kosmetyky-magazyniv.html","C:\Users\user\Desktop\yureco-demo\kudy-zdaty-kosmetyky-magazyniv.html"
"kudy-zdaty-kosmetyky.html","C:\Users\user\Desktop\yureco-demo\kudy-zdaty-kosmetyky.html"
"kudy-zdaty-li-ion-batarej.html","C:\Users\user\Desktop\yureco-demo\kudy-zdaty-li-ion-batarej.html"
"kudy-zdaty-materialiv.html","C:\Users\user\Desktop\yureco-demo\kudy-zdaty-materialiv.html"
"kudy-zdaty-metalevoyi-strushky.html","C:\Users\user\Desktop\yureco-demo\kudy-zdaty-metalevoyi-strushky.html"
"kudy-zdaty-metalu.html","C:\Users\user\Desktop\yureco-demo\kudy-zdaty-metalu.html"
"kudy-zdaty-molochnyh-produktiv.html","C:\Users\user\Desktop\yureco-demo\kudy-zdaty-molochnyh-produktiv.html"
"kudy-zdaty-myasnyh-produktiv.html","C:\Users\user\Desktop\yureco-demo\kudy-zdaty-myasnyh-produktiv.html"
"kudy-zdaty-napivfabrykatyv.html","C:\Users\user\Desktop\yureco-demo\kudy-zdaty-napivfabrykatyv.html"
"kudy-zdaty-napoyiv.html","C:\Users\user\Desktop\yureco-demo\kudy-zdaty-napoyiv.html"
"kudy-zdaty-nekondicijnoyi-sirovini.html","C:\Users\user\Desktop\yureco-demo\kudy-zdaty-nekondicijnoyi-sirovini.html"
"kudy-zdaty-nekondyciynoyi-produkciyi.html","C:\Users\user\Desktop\yureco-demo\kudy-zdaty-nekondyciynoyi-produkciyi.html"
"kudy-zdaty-obladnannya.html","C:\Users\user\Desktop\yureco-demo\kudy-zdaty-obladnannya.html"
"kudy-zdaty-odyagu-vzuttya.html","C:\Users\user\Desktop\yureco-demo\kudy-zdaty-odyagu-vzuttya.html"
"kudy-zdaty-ofisnih-mebliv-orgtehniki.html","C:\Users\user\Desktop\yureco-demo\kudy-zdaty-ofisnih-mebliv-orgtehniki.html"
"kudy-zdaty-ovochiv.html","C:\Users\user\Desktop\yureco-demo\kudy-zdaty-ovochiv.html"
"kudy-zdaty-paperu-ta-kartonu.html","C:\Users\user\Desktop\yureco-demo\kudy-zdaty-paperu-ta-kartonu.html"
"kudy-zdaty-parfumeriyi.html","C:\Users\user\Desktop\yureco-demo\kudy-zdaty-parfumeriyi.html"
"kudy-zdaty-partiyi-produktiv.html","C:\Users\user\Desktop\yureco-demo\kudy-zdaty-partiyi-produktiv.html"
"kudy-zdaty-paverbankiv-dbj.html","C:\Users\user\Desktop\yureco-demo\kudy-zdaty-paverbankiv-dbj.html"
"kudy-zdaty-plastyku-ta-polimeriv.html","C:\Users\user\Desktop\yureco-demo\kudy-zdaty-plastyku-ta-polimeriv.html"
"kudy-zdaty-produktiv-harchuvannya-napoyiv.html","C:\Users\user\Desktop\yureco-demo\kudy-zdaty-produktiv-harchuvannya-napoyiv.html"
"kudy-zdaty-produktiv-na-skladi.html","C:\Users\user\Desktop\yureco-demo\kudy-zdaty-produktiv-na-skladi.html"
"kudy-zdaty-promyslovogo-obladnannya-mehanizmiv.html","C:\Users\user\Desktop\yureco-demo\kudy-zdaty-promyslovogo-obladnannya-mehanizmiv.html"
"kudy-zdaty-promyslovyh-vidhodiv.html","C:\Users\user\Desktop\yureco-demo\kudy-zdaty-promyslovyh-vidhodiv.html"
"kudy-zdaty-prostrochenoyi-kosmetyky.html","C:\Users\user\Desktop\yureco-demo\kudy-zdaty-prostrochenoyi-kosmetyky.html"
"kudy-zdaty-prostrochenyh-produktiv.html","C:\Users\user\Desktop\yureco-demo\kudy-zdaty-prostrochenyh-produktiv.html"
"kudy-zdaty-pyva.html","C:\Users\user\Desktop\yureco-demo\kudy-zdaty-pyva.html"
"kudy-zdaty-rybnyh-produktiv.html","C:\Users\user\Desktop\yureco-demo\kudy-zdaty-rybnyh-produktiv.html"
"kudy-zdaty-shin.html","C:\Users\user\Desktop\yureco-demo\kudy-zdaty-shin.html"
"kudy-zdaty-shyn-pidpryyemstvamy.html","C:\Users\user\Desktop\yureco-demo\kudy-zdaty-shyn-pidpryyemstvamy.html"
"kudy-zdaty-shyn.html","C:\Users\user\Desktop\yureco-demo\kudy-zdaty-shyn.html"
"kudy-zdaty-shyny.html","C:\Users\user\Desktop\yureco-demo\kudy-zdaty-shyny.html"
"kudy-zdaty-skla.html","C:\Users\user\Desktop\yureco-demo\kudy-zdaty-skla.html"
"kudy-zdaty-skladskyh-zalyshkiv-kosmetyky.html","C:\Users\user\Desktop\yureco-demo\kudy-zdaty-skladskyh-zalyshkiv-kosmetyky.html"
"kudy-zdaty-skladskyh-zalyshkiv.html","C:\Users\user\Desktop\yureco-demo\kudy-zdaty-skladskyh-zalyshkiv.html"
"kudy-zdaty-sokiv-ta-napoyiv.html","C:\Users\user\Desktop\yureco-demo\kudy-zdaty-sokiv-ta-napoyiv.html"
"kudy-zdaty-sokiv.html","C:\Users\user\Desktop\yureco-demo\kudy-zdaty-sokiv.html"
"kudy-zdaty-sonyachnih-panelij-vitryakiv.html","C:\Users\user\Desktop\yureco-demo\kudy-zdaty-sonyachnih-panelij-vitryakiv.html"
"kudy-zdaty-tary-upakovki.html","C:\Users\user\Desktop\yureco-demo\kudy-zdaty-tary-upakovki.html"
"kudy-zdaty-tovariv.html","C:\Users\user\Desktop\yureco-demo\kudy-zdaty-tovariv.html"
"kudy-zdaty-tovary-pid-mitnim-kontrolem.html","C:\Users\user\Desktop\yureco-demo\kudy-zdaty-tovary-pid-mitnim-kontrolem.html"
"kudy-zdaty-upakovky-na-pidpryyemstvi.html","C:\Users\user\Desktop\yureco-demo\kudy-zdaty-upakovky-na-pidpryyemstvi.html"
"kudy-zdaty-upakovky-vid-kosmetyky.html","C:\Users\user\Desktop\yureco-demo\kudy-zdaty-upakovky-vid-kosmetyky.html"
"kudy-zdaty-vantazhnyh-shyn.html","C:\Users\user\Desktop\yureco-demo\kudy-zdaty-vantazhnyh-shyn.html"
"kudy-zdaty-vidpracovane-maslo.html","C:\Users\user\Desktop\yureco-demo\kudy-zdaty-vidpracovane-maslo.html"
"kudy-zdaty-vidpracovanoi-olyvy.html","C:\Users\user\Desktop\yureco-demo\kudy-zdaty-vidpracovanoi-olyvy.html"
"kudy-zdaty-vidpracovanyh-masel.html","C:\Users\user\Desktop\yureco-demo\kudy-zdaty-vidpracovanyh-masel.html"
"kudy-zdaty-vody.html","C:\Users\user\Desktop\yureco-demo\kudy-zdaty-vody.html"
"kudy-zdaty-vyrobnychyh-vidhodiv.html","C:\Users\user\Desktop\yureco-demo\kudy-zdaty-vyrobnychyh-vidhodiv.html"
"kudy-zdaty-yagid.html","C:\Users\user\Desktop\yureco-demo\kudy-zdaty-yagid.html"
"kudy-zdaty-zamorozhenyh-produktiv.html","C:\Users\user\Desktop\yureco-demo\kudy-zdaty-zamorozhenyh-produktiv.html"
"kudy-zdaty-zipsovanyh-produktiv.html","C:\Users\user\Desktop\yureco-demo\kudy-zdaty-zipsovanyh-produktiv.html"
"kudy-zdaty.html","C:\Users\user\Desktop\yureco-demo\kudy-zdaty.html"
"li-ion.html","C:\Users\user\Desktop\yureco-demo\li-ion.html"
"logistyka-budivelnyh-vidhodiv.html","C:\Users\user\Desktop\yureco-demo\logistyka-budivelnyh-vidhodiv.html"
"logistyka-kabelyu.html","C:\Users\user\Desktop\yureco-demo\logistyka-kabelyu.html"
"logistyka-metalu.html","C:\Users\user\Desktop\yureco-demo\logistyka-metalu.html"
"logistyka-paperu-ta-kartonu.html","C:\Users\user\Desktop\yureco-demo\logistyka-paperu-ta-kartonu.html"
"logistyka-plastyku.html","C:\Users\user\Desktop\yureco-demo\logistyka-plastyku.html"
"logistyka-promyslovyh-vidhodiv.html","C:\Users\user\Desktop\yureco-demo\logistyka-promyslovyh-vidhodiv.html"
"logistyka-shyn.html","C:\Users\user\Desktop\yureco-demo\logistyka-shyn.html"
"logistyka-skla.html","C:\Users\user\Desktop\yureco-demo\logistyka-skla.html"
"logistyka.html","C:\Users\user\Desktop\yureco-demo\logistyka.html"
"nebezpeka-vidpracovanogo-masla.html","C:\Users\user\Desktop\yureco-demo\nebezpeka-vidpracovanogo-masla.html"
"oblik-promyslovyh-vidhodiv.html","C:\Users\user\Desktop\yureco-demo\oblik-promyslovyh-vidhodiv.html"
"optymizaciya-vidhodiv-na-vyrobnyctvi.html","C:\Users\user\Desktop\yureco-demo\optymizaciya-vidhodiv-na-vyrobnyctvi.html"
"pererobka-alyuminiyevogo-kabelyu.html","C:\Users\user\Desktop\yureco-demo\pererobka-alyuminiyevogo-kabelyu.html"
"pererobka-avtomobilnyh-shyn.html","C:\Users\user\Desktop\yureco-demo\pererobka-avtomobilnyh-shyn.html"
"pererobka-betonu.html","C:\Users\user\Desktop\yureco-demo\pererobka-betonu.html"
"pererobka-cegly.html","C:\Users\user\Desktop\yureco-demo\pererobka-cegly.html"
"pererobka-gumovyh-vyrobiv.html","C:\Users\user\Desktop\yureco-demo\pererobka-gumovyh-vyrobiv.html"
"pererobka-izolyaciyi-kabelyu.html","C:\Users\user\Desktop\yureco-demo\pererobka-izolyaciyi-kabelyu.html"
"pererobka-kartonu.html","C:\Users\user\Desktop\yureco-demo\pererobka-kartonu.html"
"pererobka-makulatury.html","C:\Users\user\Desktop\yureco-demo\pererobka-makulatury.html"
"pererobka-metalu.html","C:\Users\user\Desktop\yureco-demo\pererobka-metalu.html"
"pererobka-midnogo-kabelyu.html","C:\Users\user\Desktop\yureco-demo\pererobka-midnogo-kabelyu.html"
"pererobka-pet.html","C:\Users\user\Desktop\yureco-demo\pererobka-pet.html"
"pererobka-plastykovoyi-upakovky.html","C:\Users\user\Desktop\yureco-demo\pererobka-plastykovoyi-upakovky.html"
"pererobka-polietylenu.html","C:\Users\user\Desktop\yureco-demo\pererobka-polietylenu.html"
"pererobka-polipropylenu.html","C:\Users\user\Desktop\yureco-demo\pererobka-polipropylenu.html"
"pererobka-polistyrolu.html","C:\Users\user\Desktop\yureco-demo\pererobka-polistyrolu.html"
"pererobka-shyn.html","C:\Users\user\Desktop\yureco-demo\pererobka-shyn.html"
"pererobka-skla.html","C:\Users\user\Desktop\yureco-demo\pererobka-skla.html"
"pererobka-vidpracovanyh-masel.html","C:\Users\user\Desktop\yureco-demo\pererobka-vidpracovanyh-masel.html"
"pererobka.html","C:\Users\user\Desktop\yureco-demo\pererobka.html"
"plastyk-yak-vtorynna-syrovyna.html","C:\Users\user\Desktop\yureco-demo\plastyk-yak-vtorynna-syrovyna.html"
"plastykovi-vidhody.html","C:\Users\user\Desktop\yureco-demo\plastykovi-vidhody.html"
"podribnennya-shyn-gumova-kryshka.html","C:\Users\user\Desktop\yureco-demo\podribnennya-shyn-gumova-kryshka.html"
"promyslovi-vidhody-na-pidpryyemstvi.html","C:\Users\user\Desktop\yureco-demo\promyslovi-vidhody-na-pidpryyemstvi.html"
"promyslovi-vidhody.html","C:\Users\user\Desktop\yureco-demo\promyslovi-vidhody.html"
"pryjom-kabelyu-na-utylizaciyu.html","C:\Users\user\Desktop\yureco-demo\pryjom-kabelyu-na-utylizaciyu.html"
"shyny.html","C:\Users\user\Desktop\yureco-demo\shyny.html"
"skilky-koshtuye-pererobka-kabelyu.html","C:\Users\user\Desktop\yureco-demo\skilky-koshtuye-pererobka-kabelyu.html"
"skladuvannya-promyslovyh-vidhodiv.html","C:\Users\user\Desktop\yureco-demo\skladuvannya-promyslovyh-vidhodiv.html"
"sortuvannya-budivelnyh-vidhodiv.html","C:\Users\user\Desktop\yureco-demo\sortuvannya-budivelnyh-vidhodiv.html"
"sortuvannya-plastyku.html","C:\Users\user\Desktop\yureco-demo\sortuvannya-plastyku.html"
"sortuvannya-promyslovyh-vidhodiv.html","C:\Users\user\Desktop\yureco-demo\sortuvannya-promyslovyh-vidhodiv.html"
"sortuvannya.html","C:\Users\user\Desktop\yureco-demo\sortuvannya.html"
"spysannya-kosmetychnyh-tovariv.html","C:\Users\user\Desktop\yureco-demo\spysannya-kosmetychnyh-tovariv.html"
"spysannya-produktiv.html","C:\Users\user\Desktop\yureco-demo\spysannya-produktiv.html"
"transportuvannya-vidpracovanyh-masel.html","C:\Users\user\Desktop\yureco-demo\transportuvannya-vidpracovanyh-masel.html"
"transportuvannya-vidpracovanyh-shyn.html","C:\Users\user\Desktop\yureco-demo\transportuvannya-vidpracovanyh-shyn.html"
"utylizaciya-avtoshyn.html","C:\Users\user\Desktop\yureco-demo\utylizaciya-avtoshyn.html"
"utylizaciya-budivelnyh-vidhodiv.html","C:\Users\user\Desktop\yureco-demo\utylizaciya-budivelnyh-vidhodiv.html"
"utylizaciya-derevyny-z-budivnyctva.html","C:\Users\user\Desktop\yureco-demo\utylizaciya-derevyny-z-budivnyctva.html"
"utylizaciya-dokumentiv.html","C:\Users\user\Desktop\yureco-demo\utylizaciya-dokumentiv.html"
"utylizaciya-energetychnyh-napoyiv.html","C:\Users\user\Desktop\yureco-demo\utylizaciya-energetychnyh-napoyiv.html"
"utylizaciya-fruktiv-ta-ovochiv.html","C:\Users\user\Desktop\yureco-demo\utylizaciya-fruktiv-ta-ovochiv.html"
"utylizaciya-fruktiv.html","C:\Users\user\Desktop\yureco-demo\utylizaciya-fruktiv.html"
"utylizaciya-gazovanyh-napoyiv.html","C:\Users\user\Desktop\yureco-demo\utylizaciya-gazovanyh-napoyiv.html"
"utylizaciya-gipsokartonu.html","C:\Users\user\Desktop\yureco-demo\utylizaciya-gipsokartonu.html"
"utylizaciya-harchovyh-produktiv.html","C:\Users\user\Desktop\yureco-demo\utylizaciya-harchovyh-produktiv.html"
"utylizaciya-kabelyu-ta-drotiv.html","C:\Users\user\Desktop\yureco-demo\utylizaciya-kabelyu-ta-drotiv.html"
"utylizaciya-kondyterskyh-vyrobiv.html","C:\Users\user\Desktop\yureco-demo\utylizaciya-kondyterskyh-vyrobiv.html"
"utylizaciya-konserviv.html","C:\Users\user\Desktop\yureco-demo\utylizaciya-konserviv.html"
"utylizaciya-kosmetiki.html","C:\Users\user\Desktop\yureco-demo\utylizaciya-kosmetiki.html"
"utylizaciya-kosmetyky-magazyniv.html","C:\Users\user\Desktop\yureco-demo\utylizaciya-kosmetyky-magazyniv.html"
"utylizaciya-kosmetyky.html","C:\Users\user\Desktop\yureco-demo\utylizaciya-kosmetyky.html"
"utylizaciya-li-ion-batarej.html","C:\Users\user\Desktop\yureco-demo\utylizaciya-li-ion-batarej.html"
"utylizaciya-materialiv.html","C:\Users\user\Desktop\yureco-demo\utylizaciya-materialiv.html"
"utylizaciya-metalevoyi-strushky.html","C:\Users\user\Desktop\yureco-demo\utylizaciya-metalevoyi-strushky.html"
"utylizaciya-metalu.html","C:\Users\user\Desktop\yureco-demo\utylizaciya-metalu.html"
"utylizaciya-molochnyh-produktiv.html","C:\Users\user\Desktop\yureco-demo\utylizaciya-molochnyh-produktiv.html"
"utylizaciya-myasnyh-produktiv.html","C:\Users\user\Desktop\yureco-demo\utylizaciya-myasnyh-produktiv.html"
"utylizaciya-napivfabrykatyv.html","C:\Users\user\Desktop\yureco-demo\utylizaciya-napivfabrykatyv.html"
"utylizaciya-napoyiv.html","C:\Users\user\Desktop\yureco-demo\utylizaciya-napoyiv.html"
"utylizaciya-nekondicijnoyi-sirovini.html","C:\Users\user\Desktop\yureco-demo\utylizaciya-nekondicijnoyi-sirovini.html"
"utylizaciya-nekondyciynoyi-produkciyi.html","C:\Users\user\Desktop\yureco-demo\utylizaciya-nekondyciynoyi-produkciyi.html"
"utylizaciya-obladnannya.html","C:\Users\user\Desktop\yureco-demo\utylizaciya-obladnannya.html"
"utylizaciya-odyagu-vzuttya.html","C:\Users\user\Desktop\yureco-demo\utylizaciya-odyagu-vzuttya.html"
"utylizaciya-ofisnih-mebliv-orgtehniki.html","C:\Users\user\Desktop\yureco-demo\utylizaciya-ofisnih-mebliv-orgtehniki.html"
"utylizaciya-ovochiv.html","C:\Users\user\Desktop\yureco-demo\utylizaciya-ovochiv.html"
"utylizaciya-paperu-ta-kartonu.html","C:\Users\user\Desktop\yureco-demo\utylizaciya-paperu-ta-kartonu.html"
"utylizaciya-parfumeriyi.html","C:\Users\user\Desktop\yureco-demo\utylizaciya-parfumeriyi.html"
"utylizaciya-partiyi-produktiv.html","C:\Users\user\Desktop\yureco-demo\utylizaciya-partiyi-produktiv.html"
"utylizaciya-paverbankiv-dbj.html","C:\Users\user\Desktop\yureco-demo\utylizaciya-paverbankiv-dbj.html"
"utylizaciya-plastyku-ta-polimeriv.html","C:\Users\user\Desktop\yureco-demo\utylizaciya-plastyku-ta-polimeriv.html"
"utylizaciya-produktiv-harchuvannya-napoyiv.html","C:\Users\user\Desktop\yureco-demo\utylizaciya-produktiv-harchuvannya-napoyiv.html"
"utylizaciya-produktiv-na-skladi.html","C:\Users\user\Desktop\yureco-demo\utylizaciya-produktiv-na-skladi.html"
"utylizaciya-promyslovogo-obladnannya-mehanizmiv.html","C:\Users\user\Desktop\yureco-demo\utylizaciya-promyslovogo-obladnannya-mehanizmiv.html"
"utylizaciya-promyslovyh-vidhodiv.html","C:\Users\user\Desktop\yureco-demo\utylizaciya-promyslovyh-vidhodiv.html"
"utylizaciya-prostrochenoyi-kosmetyky.html","C:\Users\user\Desktop\yureco-demo\utylizaciya-prostrochenoyi-kosmetyky.html"
"utylizaciya-prostrochenyh-produktiv.html","C:\Users\user\Desktop\yureco-demo\utylizaciya-prostrochenyh-produktiv.html"
"utylizaciya-pyva.html","C:\Users\user\Desktop\yureco-demo\utylizaciya-pyva.html"
"utylizaciya-rybnyh-produktiv.html","C:\Users\user\Desktop\yureco-demo\utylizaciya-rybnyh-produktiv.html"
"utylizaciya-shin.html","C:\Users\user\Desktop\yureco-demo\utylizaciya-shin.html"
"utylizaciya-shyn-pidpryyemstvamy.html","C:\Users\user\Desktop\yureco-demo\utylizaciya-shyn-pidpryyemstvamy.html"
"utylizaciya-shyn.html","C:\Users\user\Desktop\yureco-demo\utylizaciya-shyn.html"
"utylizaciya-skla.html","C:\Users\user\Desktop\yureco-demo\utylizaciya-skla.html"
"utylizaciya-skladskyh-zalyshkiv-kosmetyky.html","C:\Users\user\Desktop\yureco-demo\utylizaciya-skladskyh-zalyshkiv-kosmetyky.html"
"utylizaciya-skladskyh-zalyshkiv.html","C:\Users\user\Desktop\yureco-demo\utylizaciya-skladskyh-zalyshkiv.html"
"utylizaciya-sokiv-ta-napoyiv.html","C:\Users\user\Desktop\yureco-demo\utylizaciya-sokiv-ta-napoyiv.html"
"utylizaciya-sokiv.html","C:\Users\user\Desktop\yureco-demo\utylizaciya-sokiv.html"
"utylizaciya-sonyachnih-panelij-vitryakiv.html","C:\Users\user\Desktop\yureco-demo\utylizaciya-sonyachnih-panelij-vitryakiv.html"
"utylizaciya-tary-upakovki.html","C:\Users\user\Desktop\yureco-demo\utylizaciya-tary-upakovki.html"
"utylizaciya-tovariv.html","C:\Users\user\Desktop\yureco-demo\utylizaciya-tovariv.html"
"utylizaciya-tovary-pid-mitnim-kontrolem.html","C:\Users\user\Desktop\yureco-demo\utylizaciya-tovary-pid-mitnim-kontrolem.html"
"utylizaciya-upakovky-na-pidpryyemstvi.html","C:\Users\user\Desktop\yureco-demo\utylizaciya-upakovky-na-pidpryyemstvi.html"
"utylizaciya-upakovky-vid-kosmetyky.html","C:\Users\user\Desktop\yureco-demo\utylizaciya-upakovky-vid-kosmetyky.html"
"utylizaciya-vantazhnyh-shyn.html","C:\Users\user\Desktop\yureco-demo\utylizaciya-vantazhnyh-shyn.html"
"utylizaciya-vidpracovanoi-olyvy.html","C:\Users\user\Desktop\yureco-demo\utylizaciya-vidpracovanoi-olyvy.html"
"utylizaciya-vidpracovanyh-masel.html","C:\Users\user\Desktop\yureco-demo\utylizaciya-vidpracovanyh-masel.html"
"utylizaciya-vody.html","C:\Users\user\Desktop\yureco-demo\utylizaciya-vody.html"
"utylizaciya-vyrobnychyh-vidhodiv.html","C:\Users\user\Desktop\yureco-demo\utylizaciya-vyrobnychyh-vidhodiv.html"
"utylizaciya-yagid.html","C:\Users\user\Desktop\yureco-demo\utylizaciya-yagid.html"
"utylizaciya-zamorozhenyh-produktiv.html","C:\Users\user\Desktop\yureco-demo\utylizaciya-zamorozhenyh-produktiv.html"
"utylizaciya-zipsovanyh-produktiv.html","C:\Users\user\Desktop\yureco-demo\utylizaciya-zipsovanyh-produktiv.html"
"utylizaciya.html","C:\Users\user\Desktop\yureco-demo\utylizaciya.html"
"vidhody-demontazhu.html","C:\Users\user\Desktop\yureco-demo\vidhody-demontazhu.html"
"vidhody-gumy.html","C:\Users\user\Desktop\yureco-demo\vidhody-gumy.html"
"vidhody-polimeriv.html","C:\Users\user\Desktop\yureco-demo\vidhody-polimeriv.html"
"vidhody-vyrobnyctva.html","C:\Users\user\Desktop\yureco-demo\vidhody-vyrobnyctva.html"
"vidhody.html","C:\Users\user\Desktop\yureco-demo\vidhody.html"
"vidy-kabelnyh-vidhodiv.html","C:\Users\user\Desktop\yureco-demo\vidy-kabelnyh-vidhodiv.html"
"vidy-plastykovyh-vidhodiv.html","C:\Users\user\Desktop\yureco-demo\vidy-plastykovyh-vidhodiv.html"
"vtorynna-syrovyna-z-budivelnyh-vidhodiv.html","C:\Users\user\Desktop\yureco-demo\vtorynna-syrovyna-z-budivelnyh-vidhodiv.html"
"vtorynna-syrovyna-z-vidhodiv.html","C:\Users\user\Desktop\yureco-demo\vtorynna-syrovyna-z-vidhodiv.html"
"vymogy-do-zberigannya-vidhodiv.html","C:\Users\user\Desktop\yureco-demo\vymogy-do-zberigannya-vidhodiv.html"
"vyviz-budivelnyh-vidhodiv.html","C:\Users\user\Desktop\yureco-demo\vyviz-budivelnyh-vidhodiv.html"
"zberigannya-vidpracovanyh-masel.html","C:\Users\user\Desktop\yureco-demo\zberigannya-vidpracovanyh-masel.html"
"zbir-kabelyu.html","C:\Users\user\Desktop\yureco-demo\zbir-kabelyu.html"
"zbir-kartonu-na-pidpryyemstvi.html","C:\Users\user\Desktop\yureco-demo\zbir-kartonu-na-pidpryyemstvi.html"
"zbir-metalu-na-pidpryyemstvi.html","C:\Users\user\Desktop\yureco-demo\zbir-metalu-na-pidpryyemstvi.html"
"zbir-plastyku-na-pidpryyemstvi.html","C:\Users\user\Desktop\yureco-demo\zbir-plastyku-na-pidpryyemstvi.html"
"zbir-promyslovyh-vidhodiv.html","C:\Users\user\Desktop\yureco-demo\zbir-promyslovyh-vidhodiv.html"
"zbir-shyn-na-pidpryyemstvi.html","C:\Users\user\Desktop\yureco-demo\zbir-shyn-na-pidpryyemstvi.html"
"zbir-sklyanoyi-tary.html","C:\Users\user\Desktop\yureco-demo\zbir-sklyanoyi-tary.html"
"zbir-vidpracovanoyi-olyvy.html","C:\Users\user\Desktop\yureco-demo\zbir-vidpracovanoyi-olyvy.html"
"zbir.html","C:\Users\user\Desktop\yureco-demo\zbir.html"
"znyshchennya-kosmetyky.html","C:\Users\user\Desktop\yureco-demo\znyshchennya-kosmetyky.html"
